,story_class,curiosity,surprise,suspense,content
t1_ca24zer,0.1875,1.25,0.5,0.25,t1_ca24zer
t1_ceprovz,0.1875,0.5,1.6875,0.5,t1_ceprovz
t1_cepre6f,0.1875,0.1875,0.1875,0.1875,t1_cepre6f
t1_ch33rrs,0.1875,0.1875,1.6875,0.25,t1_ch33rrs
t1_c9d39gw,0.1875,0.75,2.1875,0.1875,t1_c9d39gw
t1_c95mdhe,0.1875,0.6875,2.25,0.25,t1_c95mdhe
t1_c95mcms,0.1875,0.25,1.5,0.6875,t1_c95mcms
t1_c95l4my,0.1875,0.25,0.6875,0.1875,t1_c95l4my
t1_coikt14,0.1875,0.5,0.1875,0.25,t1_coikt14
t1_coinwc1,0.1875,0.25,1.0,1.1875,t1_coinwc1
t1_c95tixb,0.1875,0.1875,0.25,0.1875,t1_c95tixb
t1_cokopqu,0.1875,1.5,0.75,0.25,t1_cokopqu
t1_c95mz3n,0.1875,0.1875,0.6875,0.1875,t1_c95mz3n
t1_c95k75v,0.1875,0.1875,0.75,0.6875,t1_c95k75v
t1_ccik36d,0.1875,0.5,0.75,0.0,t1_ccik36d
t1_ccik429,0.1875,0.25,0.1875,0.25,t1_ccik429
t1_ccj23jt,0.1875,0.1875,0.5,0.1875,t1_ccj23jt
t1_ccip0by,0.1875,0.1875,0.1875,0.6875,t1_ccip0by
t1_ckuqadl,0.1875,1.1875,2.25,0.25,t1_ckuqadl
t1_ckuqn0l,0.1875,0.5,1.1875,1.6875,t1_ckuqn0l
t1_ch338wb,0.1875,1.25,1.5,0.25,t1_ch338wb
t1_cs8qzp2,0.1875,0.5,0.25,0.1875,t1_cs8qzp2
t1_cl696s0,0.1875,1.1875,0.6875,0.6875,t1_cl696s0
t1_cbujuoi,0.1875,0.1875,0.75,0.75,t1_cbujuoi
t1_cl6a7as,0.1875,0.5,0.6875,0.5,t1_cl6a7as
t1_ch33yi9,0.1875,0.6875,0.6875,0.6875,t1_ch33yi9
t1_ch33aph,0.1875,1.25,0.75,0.25,t1_ch33aph
t1_ch3fpaz,0.1875,1.25,1.25,1.6875,t1_ch3fpaz
t1_cl6wrm4,0.1875,0.5,0.6875,0.5,t1_cl6wrm4
t1_cl6xdwv,0.1875,0.1875,0.6875,0.6875,t1_cl6xdwv
t1_cb3javy,0.1875,0.25,1.6875,0.1875,t1_cb3javy
t1_c9d5s0t,0.1875,0.5,1.5,0.5,t1_c9d5s0t
t1_ck4kq73,0.1875,0.1875,0.1875,0.6875,t1_ck4kq73
t1_cb3hoak,0.1875,2.1875,0.1875,1.6875,t1_cb3hoak
t1_ck47ebr,0.1875,0.5,0.5,0.6875,t1_ck47ebr
t1_cb2zhvu,0.1875,0.1875,0.1875,0.5,t1_cb2zhvu
t1_caf1ab9,0.1875,0.1875,0.6875,0.6875,t1_caf1ab9
t1_ce5jtin,0.1875,0.25,0.1875,1.0,t1_ce5jtin
t1_cer1d46,0.1875,0.1875,1.6875,1.1875,t1_cer1d46
t1_ch3p1te,0.1875,0.25,1.6875,1.6875,t1_ch3p1te
t1_ch3m71x,0.1875,0.6875,0.6875,0.6875,t1_ch3m71x
t1_cer9bme,0.1875,0.25,1.0,1.0,t1_cer9bme
t1_ch3kgyz,0.1875,0.5,0.6875,0.75,t1_ch3kgyz
t1_cb3ecr8,0.1875,0.6875,0.5,1.5,t1_cb3ecr8
t1_cpovurm,0.1875,0.25,0.6875,0.6875,t1_cpovurm
t1_ch36a9d,0.1875,0.6875,0.1875,2.25,t1_ch36a9d
t1_cpp4871,0.1875,0.1875,1.25,0.5,t1_cpp4871
t1_cpp7ghc,0.1875,0.25,0.1875,0.1875,t1_cpp7ghc
t1_cpojaxi,0.1875,0.0,0.6875,1.25,t1_cpojaxi
t1_cer1mzk,0.1875,0.5,0.6875,0.0,t1_cer1mzk
t1_ch32zj8,0.1875,1.1875,1.25,0.1875,t1_ch32zj8
t1_ch33u0t,0.1875,0.1875,0.1875,0.75,t1_ch33u0t
t1_ceqx69p,0.1875,0.1875,0.6875,1.1875,t1_ceqx69p
t1_cpov03f,0.1875,0.1875,2.0,1.25,t1_cpov03f
t1_cpp08sy,0.1875,1.1875,0.75,0.1875,t1_cpp08sy
t1_cponany,0.1875,0.1875,1.25,1.1875,t1_cponany
t1_cpomrk6,0.1875,1.25,0.6875,1.25,t1_cpomrk6
t1_ceprjui,0.1875,1.1875,3.1875,1.5,t1_ceprjui
t1_cepsudn,0.1875,0.25,2.1875,0.0,t1_cepsudn
t1_ck473q2,0.1875,1.1875,0.1875,1.25,t1_ck473q2
t1_ck47es2,0.1875,0.6875,0.1875,1.1875,t1_ck47es2
t1_ck496qz,0.1875,0.1875,2.1875,0.25,t1_ck496qz
t1_ck498fu,0.1875,0.25,2.25,0.6875,t1_ck498fu
t1_cepx3y0,0.1875,0.75,0.1875,1.1875,t1_cepx3y0
t1_cb3hcuv,0.1875,0.1875,1.5,1.1875,t1_cb3hcuv
t1_cb3gj80,0.1875,0.25,1.1875,0.1875,t1_cb3gj80
t1_ctisowf,0.1875,0.1875,1.25,0.6875,t1_ctisowf
t1_cauq8sg,0.1875,0.5,0.25,0.5,t1_cauq8sg
t1_cauryqf,0.1875,0.5,0.75,0.1875,t1_cauryqf
t1_cauqlq8,0.1875,0.1875,0.1875,0.1875,t1_cauqlq8
t1_cmcuc2d,0.1875,0.25,0.75,0.1875,t1_cmcuc2d
t1_cmdxdee,0.1875,0.6875,0.6875,0.75,t1_cmdxdee
t1_cmedpvb,0.1875,0.5,0.6875,0.25,t1_cmedpvb
t1_ckybda8,0.1875,0.1875,1.5,1.5,t1_ckybda8
t1_cavjcvk,0.1875,0.5,1.5,0.6875,t1_cavjcvk
t1_cmcztsw,0.1875,0.25,2.1875,0.6875,t1_cmcztsw
t1_cmdfadm,0.1875,0.25,1.5,0.25,t1_cmdfadm
t1_cmdtn63,0.1875,0.5,1.25,0.6875,t1_cmdtn63
t1_cmeg54f,0.1875,0.5,0.25,2.1875,t1_cmeg54f
t1_cavna3e,0.1875,0.25,0.5,0.1875,t1_cavna3e
t1_cavyr72,0.1875,0.1875,1.6875,0.6875,t1_cavyr72
t1_cavorrb,0.1875,1.6875,0.6875,0.75,t1_cavorrb
t1_caxx3kk,0.1875,0.0,0.1875,0.5,t1_caxx3kk
t1_cmcuo78,0.1875,0.25,0.5,0.1875,t1_cmcuo78
t1_cmdaz4s,0.1875,0.6875,1.0,0.5,t1_cmdaz4s
t1_cb1kpaq,0.1875,0.0,0.6875,0.1875,t1_cb1kpaq
t1_cb1jo2k,0.1875,0.1875,0.25,0.1875,t1_cb1jo2k
t1_cb1j4c4,0.1875,0.25,0.1875,0.6875,t1_cb1j4c4
t1_cky7neb,0.1875,0.6875,1.1875,0.6875,t1_cky7neb
t1_ckyceyn,0.1875,0.6875,0.6875,1.1875,t1_ckyceyn
t1_cky6lbd,0.1875,0.25,0.5,0.6875,t1_cky6lbd
t1_cky9oqt,0.1875,0.6875,0.25,0.1875,t1_cky9oqt
t1_ckydk5a,0.1875,2.75,0.6875,2.75,t1_ckydk5a
t1_cav6fuw,0.1875,0.25,0.5,0.5,t1_cav6fuw
t1_cavypo6,0.1875,0.25,0.6875,0.75,t1_cavypo6
t1_cl0z8pc,0.1875,0.25,1.1875,0.6875,t1_cl0z8pc
t1_cky1afp,0.1875,0.75,1.1875,1.1875,t1_cky1afp
t1_ckzm1sy,0.1875,0.1875,2.75,0.25,t1_ckzm1sy
t1_cmcvtgd,0.1875,1.25,0.1875,1.0,t1_cmcvtgd
t1_cabqgjf,0.1875,0.0,0.6875,0.6875,t1_cabqgjf
t1_cmcmrsu,0.1875,0.1875,0.25,0.75,t1_cmcmrsu
t1_cddmfth,0.1875,0.6875,0.25,0.6875,t1_cddmfth
t1_cb3h1j9,0.1875,0.25,1.1875,0.6875,t1_cb3h1j9
t1_ch30u5o,0.1875,2.1875,2.1875,0.5,t1_ch30u5o
t1_cb43t7z,0.1875,1.1875,0.1875,0.5,t1_cb43t7z
t1_cb44gly,0.1875,0.5,2.0,0.1875,t1_cb44gly
t1_cscbr0t,0.1875,0.1875,0.75,0.6875,t1_cscbr0t
t1_cauqht4,0.1875,0.5,1.25,0.25,t1_cauqht4
t1_cav31oj,0.1875,0.1875,1.5,0.1875,t1_cav31oj
t1_cb3qgr4,0.1875,0.75,0.1875,0.25,t1_cb3qgr4
t1_caut5rf,0.1875,0.5,0.5,0.1875,t1_caut5rf
t1_csccp8p,0.1875,0.5,0.6875,1.0,t1_csccp8p
t1_chjq0kg,0.1875,2.1875,0.5,0.1875,t1_chjq0kg
t1_cmfx2yt,0.1875,0.5,0.75,0.25,t1_cmfx2yt
t1_cmcetow,0.1875,0.6875,0.25,0.25,t1_cmcetow
t1_cml4gcq,0.1875,0.25,1.0,0.5,t1_cml4gcq
t1_cmlh163,0.1875,0.6875,0.5,0.1875,t1_cmlh163
t1_cauu6uz,0.1875,0.6875,0.5,0.6875,t1_cauu6uz
t1_cmdn3uc,0.1875,1.6875,0.1875,0.6875,t1_cmdn3uc
t1_cmcf7ri,0.1875,0.25,0.0,1.0,t1_cmcf7ri
t1_chjoacg,0.1875,0.75,0.25,1.5,t1_chjoacg
t1_cmdpt23,0.1875,0.6875,0.1875,1.5,t1_cmdpt23
t1_cmehocs,0.1875,0.25,0.5,0.1875,t1_cmehocs
t1_cauqajh,0.1875,0.1875,0.5,0.5,t1_cauqajh
t1_cmcfjhb,0.1875,0.6875,0.6875,0.6875,t1_cmcfjhb
t1_cauv5xm,0.1875,0.5,0.6875,0.75,t1_cauv5xm
t1_caumnu6,0.1875,0.25,0.6875,0.5,t1_caumnu6
t1_cauppc6,0.1875,0.5,1.25,1.25,t1_cauppc6
t1_caurhj9,0.1875,0.6875,0.25,0.6875,t1_caurhj9
t1_cauqd3a,0.1875,1.1875,1.25,0.6875,t1_cauqd3a
t1_castbcs,0.1875,0.1875,0.1875,0.5,t1_castbcs
t1_cg5uill,0.1875,0.5,0.1875,0.1875,t1_cg5uill
t1_cthvpeo,0.1875,0.6875,0.1875,0.1875,t1_cthvpeo
t1_casm5v9,0.1875,0.6875,0.75,0.5,t1_casm5v9
t1_cstvpcf,0.1875,1.1875,3.1875,0.25,t1_cstvpcf
t1_cstvbko,0.1875,0.1875,0.1875,1.1875,t1_cstvbko
t1_cstvpqw,0.1875,0.6875,0.75,0.6875,t1_cstvpqw
t1_csu8gdo,0.1875,0.6875,0.25,0.75,t1_csu8gdo
t1_cm5lbyg,0.1875,0.1875,0.25,0.5,t1_cm5lbyg
t1_clikadz,0.1875,0.5,0.25,0.25,t1_clikadz
t1_csu7lg5,0.1875,0.6875,0.1875,1.1875,t1_csu7lg5
t1_castzen,0.1875,0.1875,0.1875,0.1875,t1_castzen
t1_ch7ddwy,0.1875,0.6875,0.6875,0.5,t1_ch7ddwy
t1_catknzl,0.1875,0.25,1.1875,0.6875,t1_catknzl
t1_cm5xfbn,0.1875,0.1875,0.1875,0.5,t1_cm5xfbn
t1_cm5mup4,0.1875,0.5,0.1875,1.6875,t1_cm5mup4
t1_csw1xe2,0.1875,1.6875,0.6875,0.6875,t1_csw1xe2
t1_csv5ef5,0.1875,0.6875,0.25,0.1875,t1_csv5ef5
t1_csu0f6s,0.1875,0.1875,0.5,0.5,t1_csu0f6s
t1_casuq4a,0.1875,1.5,0.5,1.1875,t1_casuq4a
t1_cb49a96,0.1875,0.25,0.6875,0.75,t1_cb49a96
t1_cd2ssov,0.1875,0.1875,0.6875,0.6875,t1_cd2ssov
t1_casqwgm,0.1875,0.1875,0.6875,0.5,t1_casqwgm
t1_casuynv,0.1875,0.6875,0.6875,0.5,t1_casuynv
t1_c9ye3mn,0.1875,1.25,1.1875,0.25,t1_c9ye3mn
t1_cay71op,0.1875,0.6875,0.6875,0.1875,t1_cay71op
t1_caybyz3,0.1875,0.6875,0.6875,0.25,t1_caybyz3
t1_casr12u,0.1875,0.1875,0.25,0.6875,t1_casr12u
t1_chk7ilh,0.1875,0.25,0.6875,0.1875,t1_chk7ilh
t1_chkg1f1,0.1875,1.1875,1.5,0.25,t1_chkg1f1
t1_catv41c,0.1875,0.1875,0.6875,0.75,t1_catv41c
t1_cr706at,0.1875,1.0,0.5,0.5,t1_cr706at
t1_casoqzt,0.1875,0.5,1.5,1.5,t1_casoqzt
t1_chkxjvq,0.1875,0.5,0.5,0.6875,t1_chkxjvq
t1_csvrg7x,0.1875,0.25,0.6875,0.75,t1_csvrg7x
t1_cu2v4xr,0.1875,0.1875,0.25,0.6875,t1_cu2v4xr
t1_cu2w6p,0.1875,0.25,0.25,1.0,t1_cu2w6p
t1_caryrhj,0.1875,0.25,0.1875,0.75,t1_caryrhj
t1_cg7ybnn,0.1875,0.5,1.6875,0.25,t1_cg7ybnn
t1_cs8wghl,0.1875,1.6875,0.1875,0.1875,t1_cs8wghl
t1_can6q8n,0.1875,0.5,0.1875,0.1875,t1_can6q8n
t1_cauamra,0.1875,1.0,0.75,0.6875,t1_cauamra
t3_1fmiv1,0.1875,0.25,0.1875,0.5,t3_1fmiv1
t1_cau8ovv,0.1875,0.25,0.5,0.1875,t1_cau8ovv
t1_cau9jjt,0.1875,1.25,0.6875,0.5,t1_cau9jjt
t1_cau9bgr,0.1875,0.6875,2.1875,0.6875,t1_cau9bgr
t1_cauo55g,0.1875,1.6875,0.0,0.0,t1_cauo55g
t1_canhzf8,0.1875,0.25,0.5,0.0,t1_canhzf8
t3_1haww9,0.1875,0.1875,0.5,0.25,t3_1haww9
t3_1r3id3,0.1875,0.5,0.25,0.6875,t3_1r3id3
t3_1grwqj,0.1875,1.25,1.6875,0.1875,t3_1grwqj
t1_cau955t,0.1875,0.25,1.1875,1.1875,t1_cau955t
t3_1fyfb5,0.1875,0.25,0.6875,0.25,t3_1fyfb5
t3_1pg4zf,0.1875,0.1875,0.1875,0.5,t3_1pg4zf
t3_1eo2kq,0.1875,0.5,0.25,0.6875,t3_1eo2kq
t1_can6svh,0.1875,0.25,0.0,0.0,t1_can6svh
t3_1cb3pd,0.1875,0.1875,0.6875,0.6875,t3_1cb3pd
t1_cao0soi,0.1875,0.25,0.1875,0.0,t1_cao0soi
t1_cstvopg,0.1875,0.1875,0.1875,0.6875,t1_cstvopg
t3_1h8unp,0.1875,1.1875,0.25,0.1875,t3_1h8unp
t3_1t7zw6,0.1875,0.0,0.1875,0.5,t3_1t7zw6
t3_1d3ijz,0.1875,0.5,0.6875,0.25,t3_1d3ijz
t1_c9ydmcp,0.1875,1.0,1.1875,0.1875,t1_c9ydmcp
t1_caywd53,0.1875,0.6875,1.1875,0.5,t1_caywd53
t1_ciksz7j,0.1875,0.25,0.1875,1.25,t1_ciksz7j
t1_cid0cpv,0.1875,0.0,0.6875,0.1875,t1_cid0cpv
t1_caie40w,0.1875,0.25,1.5,0.6875,t1_caie40w
t1_cai8u8v,0.1875,1.1875,1.1875,0.6875,t1_cai8u8v
t1_ciwiglt,0.1875,0.75,1.6875,1.6875,t1_ciwiglt
t1_cikojhb,0.1875,0.1875,0.6875,0.5,t1_cikojhb
t1_cikoooq,0.1875,0.1875,0.1875,0.6875,t1_cikoooq
t1_cikot2f,0.1875,0.1875,0.25,0.5,t1_cikot2f
t1_cikbfes,0.1875,0.25,0.6875,0.1875,t1_cikbfes
t1_cikhhoa,0.1875,0.6875,1.1875,0.6875,t1_cikhhoa
t1_cikhmdh,0.1875,0.1875,1.1875,1.25,t1_cikhmdh
t1_cj1mlgb,0.1875,0.6875,0.1875,0.1875,t1_cj1mlgb
t1_cjkh0e7,0.1875,0.6875,1.25,0.75,t1_cjkh0e7
t1_cjkhajj,0.1875,0.6875,0.1875,1.5,t1_cjkhajj
t1_cj1lhpg,0.1875,0.25,0.6875,0.5,t1_cj1lhpg
t1_c9v8fs2,0.1875,0.5,0.5,0.6875,t1_c9v8fs2
t1_cbt1zp5,0.1875,0.6875,0.1875,1.25,t1_cbt1zp5
t1_cbsfdbt,0.1875,1.25,1.1875,1.1875,t1_cbsfdbt
t1_c9vj17l,0.1875,0.1875,0.0,0.25,t1_c9vj17l
t1_c9vo0sl,0.1875,0.1875,0.6875,1.0,t1_c9vo0sl
t1_casqo9d,0.1875,1.0,0.25,0.25,t1_casqo9d
t1_cj1jfd0,0.1875,0.5,3.0,1.25,t1_cj1jfd0
t1_casqt3t,0.1875,0.1875,0.1875,0.1875,t1_casqt3t
t1_casqjde,0.1875,0.5,0.25,1.25,t1_casqjde
t3_2b3p94,0.1875,1.0,2.25,1.5,t3_2b3p94
t1_cg5u5za,0.1875,0.1875,0.25,0.0,t1_cg5u5za
t1_ctiq2mi,0.1875,0.1875,0.0,0.5,t1_ctiq2mi
t1_ctilqsl,0.1875,0.1875,0.1875,1.6875,t1_ctilqsl
t1_ctirspu,0.1875,0.25,0.5,0.5,t1_ctirspu
t1_c9zukmv,0.1875,1.1875,1.5,0.5,t1_c9zukmv
t1_ctiqgmx,0.1875,0.6875,0.1875,0.1875,t1_ctiqgmx
t1_caiixhl,0.1875,0.25,0.75,0.5,t1_caiixhl
t1_ckylfmb,0.1875,1.0,0.6875,0.5,t1_ckylfmb
t1_c8wq24a,0.1875,0.5,0.25,1.0,t1_c8wq24a
t1_cqdvgx3,0.1875,1.6875,2.0,0.25,t1_cqdvgx3
t1_c8t6pyq,0.1875,0.1875,0.75,0.6875,t1_c8t6pyq
t1_casoa5k,0.1875,0.6875,0.6875,0.5,t1_casoa5k
t1_cpm4kuv,0.1875,0.6875,1.1875,0.25,t1_cpm4kuv
t1_cgxt9jf,0.1875,0.1875,0.1875,2.0,t1_cgxt9jf
t1_cqdsobc,0.1875,0.1875,0.1875,0.25,t1_cqdsobc
t1_c8vuv93,0.1875,0.5,0.1875,0.1875,t1_c8vuv93
t1_cgke5cw,0.1875,0.6875,0.25,1.25,t1_cgke5cw
t1_catx9hg,0.1875,1.1875,1.6875,0.5,t1_catx9hg
t1_cikb6zn,0.1875,0.75,0.6875,0.25,t1_cikb6zn
t1_cgxdsgy,0.1875,0.25,0.5,0.5,t1_cgxdsgy
t1_cb3kir7,0.1875,0.25,0.6875,0.6875,t1_cb3kir7
t1_caty2hj,0.0,1.6875,0.75,0.0,t1_caty2hj
t1_cauyb6p,0.0,0.1875,0.25,0.6875,t1_cauyb6p
t1_cs96nzv,0.0,1.1875,0.1875,1.0,t1_cs96nzv
t1_caw8joe,0.0,0.6875,1.5,0.5,t1_caw8joe
t1_cs8ywso,0.0,0.1875,0.0,0.5,t1_cs8ywso
t1_cayikrk,0.0,1.5,2.75,2.5,t1_cayikrk
t1_catr9j9,0.0,0.6875,0.5,0.6875,t1_catr9j9
t1_catxnxu,0.0,0.6875,0.25,0.25,t1_catxnxu
t1_cav2nyk,0.0,0.25,0.1875,0.6875,t1_cav2nyk
t1_cb1xihc,0.0,1.5,2.5,0.5,t1_cb1xihc
t1_can6ouc,0.0,1.0,0.1875,0.25,t1_can6ouc
t1_cb3grrv,0.0,0.6875,0.25,0.6875,t1_cb3grrv
t1_casuw6d,0.0,0.5,1.5,0.5,t1_casuw6d
t1_catjx82,0.0,0.25,0.0,0.0,t1_catjx82
t1_caxueen,0.0,0.0,0.0,0.0,t1_caxueen
t1_casoidy,0.0,0.25,0.25,0.1875,t1_casoidy
t1_caus15f,0.0,0.75,0.5,0.75,t1_caus15f
t1_cat7r28,0.0,2.25,2.0,1.5,t1_cat7r28
t1_cat7qql,0.0,0.0,1.25,0.5,t1_cat7qql
t1_catelpi,0.0,0.1875,1.1875,0.75,t1_catelpi
t1_castiji,0.0,0.1875,0.1875,0.1875,t1_castiji
t1_cb32ac8,0.0,1.0,0.25,0.6875,t1_cb32ac8
t1_casqgem,0.0,0.25,0.0,1.25,t1_casqgem
t1_canbhof,0.0,0.25,0.6875,0.0,t1_canbhof
t1_cani2rw,0.0,0.25,0.1875,0.0,t1_cani2rw
t1_catmvnu,0.0,1.0,0.6875,0.6875,t1_catmvnu
t1_cav1xf3,0.0,0.5,0.75,1.0,t1_cav1xf3
t1_casolkw,0.0,0.6875,0.0,0.0,t1_casolkw
t1_catvoqn,0.0,1.1875,0.25,0.6875,t1_catvoqn
t1_cary5i8,0.0,0.75,0.0,0.1875,t1_cary5i8
t1_cb26x35,0.0,0.0,0.0,0.0,t1_cb26x35
t1_cb3zy7m,0.0,1.5,1.25,0.1875,t1_cb3zy7m
t1_ccq583t,0.0,0.0,0.6875,0.5,t1_ccq583t
t1_ccpv6xh,0.0,0.6875,1.1875,0.1875,t1_ccpv6xh
t1_cggd8lf,0.0,0.6875,1.5,0.75,t1_cggd8lf
t1_cbcwm6p,0.0,0.6875,1.1875,0.5,t1_cbcwm6p
t1_cb4019l,0.0,0.75,0.6875,1.5,t1_cb4019l
t1_cbcwihs,0.0,1.25,0.75,0.5,t1_cbcwihs
t1_cb3vnb9,0.0,0.6875,0.25,0.5,t1_cb3vnb9
t1_cb3q90x,0.0,0.6875,0.6875,0.1875,t1_cb3q90x
t1_cb46pb4,0.0,0.75,0.75,0.0,t1_cb46pb4
t1_cb4n4oh,0.0,0.1875,0.6875,1.1875,t1_cb4n4oh
t1_cb4mafq,0.0,0.5,0.6875,0.25,t1_cb4mafq
t1_cb3tns6,0.0,1.25,0.6875,1.0,t1_cb3tns6
t1_cav7n9h,0.0,0.25,0.0,0.0,t1_cav7n9h
t1_cb3qcwp,0.0,0.6875,0.6875,0.6875,t1_cb3qcwp
t1_cb3nynv,0.0,0.1875,0.6875,0.1875,t1_cb3nynv
t1_cb3jjs2,0.0,0.1875,0.1875,0.1875,t1_cb3jjs2
t1_cb3un1d,0.0,0.5,0.6875,2.25,t1_cb3un1d
t1_cb3qdsx,0.0,1.0,0.5,0.0,t1_cb3qdsx
t1_c8sl4p4,0.0,0.1875,1.25,0.25,t1_c8sl4p4
t1_cqdsvuv,0.0,0.6875,0.1875,0.5,t1_cqdsvuv
t1_cqdtvt5,0.0,0.1875,0.75,0.6875,t1_cqdtvt5
t1_cqevg02,0.0,0.1875,0.6875,0.0,t1_cqevg02
t1_cicu5de,0.0,0.1875,0.5,0.6875,t1_cicu5de
t1_cicu6hc,0.0,0.1875,1.25,0.25,t1_cicu6hc
t1_ccqbyt1,0.0,0.25,0.0,0.1875,t1_ccqbyt1
t1_ccpsrei,0.0,0.25,0.25,0.1875,t1_ccpsrei
t1_cm64nte,0.0,0.75,0.25,0.1875,t1_cm64nte
t1_cm5nyuj,0.0,0.5,0.0,1.1875,t1_cm5nyuj
t1_cu3b0fe,0.0,0.25,0.1875,0.1875,t1_cu3b0fe
t3_1nh3z4,0.0,0.0,0.1875,0.1875,t3_1nh3z4
t3_1qm5d4,0.0,0.25,0.1875,0.25,t3_1qm5d4
t3_1bcfz2,0.0,0.25,0.6875,0.25,t3_1bcfz2
t3_1e63c7,0.0,0.25,0.1875,0.5,t3_1e63c7
t3_1cd5dm,0.0,0.25,1.0,0.6875,t3_1cd5dm
t3_1kvsyr,0.0,0.5,0.25,0.1875,t3_1kvsyr
t3_1aenyc,0.0,0.1875,0.75,0.1875,t3_1aenyc
t3_1ibg1p,0.0,0.1875,0.0,0.1875,t3_1ibg1p
t3_1c4do4,0.0,0.25,0.6875,0.1875,t3_1c4do4
t3_1fqssq,0.0,0.1875,0.1875,1.25,t3_1fqssq
t1_caidubx,0.0,0.1875,0.6875,0.25,t1_caidubx
t1_cai3dw5,0.0,1.25,1.6875,0.1875,t1_cai3dw5
t1_cai5p4w,0.0,1.6875,0.1875,0.5,t1_cai5p4w
t1_cr71uyn,0.0,1.25,0.0,0.75,t1_cr71uyn
t1_c8wuxh2,0.0,0.6875,0.75,0.6875,t1_c8wuxh2
t1_c8wrovj,0.0,0.25,0.0,0.25,t1_c8wrovj
t1_c8wpqjn,0.0,1.6875,0.25,1.6875,t1_c8wpqjn
t1_cm5lvxq,0.0,0.1875,0.6875,0.25,t1_cm5lvxq
t1_cm5nwf0,0.0,0.25,0.25,0.5,t1_cm5nwf0
t1_cm5niv6,0.0,0.1875,0.6875,0.6875,t1_cm5niv6
t1_cm5nasq,0.0,0.0,1.5,0.6875,t1_cm5nasq
t1_cm5mwyw,0.0,0.0,0.25,0.6875,t1_cm5mwyw
t1_cicwthx,0.0,0.6875,0.6875,0.75,t1_cicwthx
t3_28o7uj,0.0,0.6875,0.6875,0.75,t3_28o7uj
t1_c9r3p01,0.0,0.0,0.0,0.0,t1_c9r3p01
t1_ccikowu,0.0,0.0,0.0,0.0,t1_ccikowu
t1_cbt4gif,0.0,0.6875,0.25,0.75,t1_cbt4gif
t1_cbdodgh,0.0,2.6875,2.25,0.75,t1_cbdodgh
t1_cbdfj9b,0.0,1.0,0.1875,0.0,t1_cbdfj9b
t1_cjnx0sk,0.0,0.6875,0.5,0.1875,t1_cjnx0sk
t1_cjo1q0q,0.0,0.1875,0.0,0.5,t1_cjo1q0q
t1_cav271o,0.0,0.0,0.0,0.0,t1_cav271o
t1_cav3xqq,0.0,1.25,1.25,0.6875,t1_cav3xqq
t1_cauqglb,0.0,0.6875,1.1875,0.6875,t1_cauqglb
t1_cav4ico,0.0,2.0,2.75,2.6875,t1_cav4ico
t1_cauuln3,0.0,0.25,0.5,0.25,t1_cauuln3
t1_caurlql,0.0,0.75,0.6875,1.6875,t1_caurlql
t1_cavz2bt,0.0,0.1875,0.5,0.1875,t1_cavz2bt
t1_cauutzf,0.0,0.5,1.5,1.6875,t1_cauutzf
t1_cauukxk,0.0,1.1875,0.6875,0.5,t1_cauukxk
t1_cautyr8,0.0,0.1875,0.1875,0.5,t1_cautyr8
t1_caupmcb,0.0,0.5,0.25,0.1875,t1_caupmcb
t1_cauphni,0.0,0.6875,1.5,0.25,t1_cauphni
t1_caunbp5,0.0,0.6875,0.1875,0.25,t1_caunbp5
t1_cauqxex,0.0,0.1875,0.6875,0.1875,t1_cauqxex
t1_cavjf1d,0.0,0.6875,1.0,0.25,t1_cavjf1d
t1_cauqo1h,0.0,1.6875,1.1875,0.6875,t1_cauqo1h
t1_cb1amc8,0.0,0.25,0.25,0.5,t1_cb1amc8
t1_cav7ncj,0.0,0.0,0.0,0.0,t1_cav7ncj
t1_cc12s78,0.0,0.75,2.5,0.75,t1_cc12s78
t1_cciixvk,0.0,0.1875,0.1875,0.25,t1_cciixvk
t1_c9qxy3z,0.0,0.1875,0.6875,0.1875,t1_c9qxy3z
t1_c95k50u,0.0,0.1875,0.6875,1.1875,t1_c95k50u
t1_cghq6uu,0.0,0.5,0.1875,0.1875,t1_cghq6uu
t3_21yr8u,0.0,1.5,0.1875,0.1875,t3_21yr8u
t1_c9vn7p4,0.0,1.6875,0.6875,0.6875,t1_c9vn7p4
t1_c9vlru6,0.0,1.6875,0.6875,1.1875,t1_c9vlru6
t1_c9vihnq,0.0,0.0,0.5,0.1875,t1_c9vihnq
t1_c9v7356,0.0,0.1875,0.5,0.0,t1_c9v7356
t1_c9v7uuu,0.0,0.1875,0.1875,0.0,t1_c9v7uuu
t1_ctiqjtn,0.0,0.25,0.5,0.5,t1_ctiqjtn
t1_ctidpo5,0.0,1.6875,1.5,1.0,t1_ctidpo5
t1_ctitysx,0.0,0.25,0.6875,1.5,t1_ctitysx
t1_ctj3ddp,0.0,0.6875,0.1875,0.1875,t1_ctj3ddp
t1_cti7mh5,0.0,0.1875,0.6875,0.1875,t1_cti7mh5
t1_ctiqpyy,0.0,0.1875,0.0,0.25,t1_ctiqpyy
t1_ctita17,0.0,0.25,0.6875,0.1875,t1_ctita17
t1_cer1xlw,0.0,0.6875,0.6875,0.6875,t1_cer1xlw
t1_cer49ut,0.0,1.1875,0.6875,0.1875,t1_cer49ut
t1_cer3x2w,0.0,0.75,0.1875,1.1875,t1_cer3x2w
t1_cer1win,0.0,1.25,1.5,0.6875,t1_cer1win
t1_cer1o8f,0.0,1.25,2.25,1.6875,t1_cer1o8f
t1_cer1v34,0.0,1.1875,2.5,2.25,t1_cer1v34
t1_cer0f8n,0.0,0.75,0.25,0.75,t1_cer0f8n
t1_ceqzwux,0.0,1.1875,0.6875,0.6875,t1_ceqzwux
t3_1v8eur,0.0,1.25,1.0,0.5,t3_1v8eur
t1_cbti486,0.0,0.0,0.1875,0.0,t1_cbti486
t1_cg6891i,0.0,0.6875,1.0,0.1875,t1_cg6891i
t1_ca24dau,0.0,0.75,2.1875,1.1875,t1_ca24dau
t1_c9dla74,0.0,0.1875,0.0,0.0,t1_c9dla74
t1_c9xajdg,0.0,0.25,0.1875,1.25,t1_c9xajdg
t3_1ybhb0,0.0,0.25,0.0,0.0,t3_1ybhb0
t1_c9fcqwc,0.0,0.1875,1.5,0.6875,t1_c9fcqwc
t1_c9fdjt4,0.0,0.5,0.25,0.6875,t1_c9fdjt4
t1_cbsfzmb,0.0,0.25,0.1875,0.1875,t1_cbsfzmb
t1_cbsfdsh,0.0,0.1875,0.25,1.25,t1_cbsfdsh
t3_2cy7r8,0.0,0.6875,2.25,2.25,t3_2cy7r8
t1_cikhbhg,0.0,0.6875,1.1875,0.6875,t1_cikhbhg
t1_cil08vt,0.0,0.6875,0.5,0.25,t1_cil08vt
t1_ciko33h,0.0,0.25,0.5,0.0,t1_ciko33h
t1_cikl7o2,0.0,0.1875,0.1875,0.0,t1_cikl7o2
t1_cikfpnv,0.0,0.25,0.0,0.0,t1_cikfpnv
t1_cik10zh,0.0,0.6875,1.1875,1.6875,t1_cik10zh
t1_cik0nb3,0.0,0.25,1.25,1.0,t1_cik0nb3
t1_cikp0hi,0.0,0.1875,0.5,0.1875,t1_cikp0hi
t1_cikn7j2,0.0,0.75,1.0,0.6875,t1_cikn7j2
t1_cikn4ki,0.0,0.1875,0.6875,1.6875,t1_cikn4ki
t3_29e02r,0.0,0.25,1.25,1.1875,t3_29e02r
t1_c8vsl8l,0.0,1.5,0.25,0.1875,t1_c8vsl8l
t1_c8vrprg,0.0,0.1875,1.1875,1.1875,t1_c8vrprg
t1_c8vtkju,0.0,0.6875,1.5,0.0,t1_c8vtkju
t1_cpm4zcb,0.0,0.25,1.1875,0.1875,t1_cpm4zcb
t1_cpmtijj,0.0,0.6875,0.5,0.6875,t1_cpmtijj
t1_cpmoklh,0.0,1.25,0.1875,0.75,t1_cpmoklh
t1_cpm1b9f,0.0,1.6875,0.6875,1.1875,t1_cpm1b9f
t1_cplwg2z,0.0,0.6875,1.0,1.0,t1_cplwg2z
t1_cpluhpn,0.0,0.6875,0.75,1.1875,t1_cpluhpn
t1_cjy9w7i,0.0,1.0,0.25,0.1875,t1_cjy9w7i
t1_cjy73pb,0.0,0.1875,0.1875,0.75,t1_cjy73pb
t1_cjy865a,0.0,0.1875,0.1875,0.0,t1_cjy865a
t1_cpp3cnv,0.0,0.1875,1.0,0.75,t1_cpp3cnv
t1_ck4jqhn,0.0,0.5,0.75,0.5,t1_ck4jqhn
t1_ck46us6,0.0,0.6875,0.25,0.6875,t1_ck46us6
t1_ck4715t,0.0,0.25,0.6875,0.25,t1_ck4715t
t3_2eyfoa,0.0,0.6875,0.25,0.75,t3_2eyfoa
t1_cpozwy5,0.0,0.25,1.1875,0.75,t1_cpozwy5
t1_cpom9oq,0.0,0.6875,0.1875,0.0,t1_cpom9oq
t1_cpra9u0,0.0,1.1875,3.1875,0.1875,t1_cpra9u0
t1_cpoores,0.0,0.75,0.75,1.6875,t1_cpoores
t1_cpoluuw,0.0,0.0,1.1875,0.6875,t1_cpoluuw
t1_cpotcwb,0.0,1.5,0.6875,0.25,t1_cpotcwb
t1_cqcq11x,0.0,0.1875,0.1875,0.6875,t1_cqcq11x
t1_cpp5zkb,0.0,2.1875,0.1875,0.0,t1_cpp5zkb
t1_cpon0c6,0.0,0.6875,0.75,0.25,t1_cpon0c6
t1_cjydv04,0.0,0.25,0.6875,0.6875,t1_cjydv04
t3_302atl,0.0,0.5,0.6875,1.5,t3_302atl
t1_cacvmf2,0.0,0.6875,0.25,0.6875,t1_cacvmf2
t1_cacvan5,0.0,0.1875,0.1875,1.25,t1_cacvan5
t1_cml60ij,0.0,0.5,0.6875,0.75,t1_cml60ij
t1_cml53oh,0.0,1.6875,1.25,0.75,t1_cml53oh
t1_cml2ft5,0.0,0.1875,0.0,0.0,t1_cml2ft5
t1_cml0lai,0.0,1.6875,0.5,0.6875,t1_cml0lai
t1_cnczw88,0.0,1.6875,0.25,2.25,t1_cnczw88
t1_ctltslz,0.0,0.5,1.6875,1.5,t1_ctltslz
t1_ctl8trd,0.0,0.6875,0.25,0.1875,t1_ctl8trd
t1_ctlv7xc,0.0,1.1875,0.6875,0.5,t1_ctlv7xc
t1_ctlr9v3,0.0,0.5,1.6875,0.25,t1_ctlr9v3
t1_chke0un,0.0,0.1875,0.1875,0.1875,t1_chke0un
t1_chk8gs0,0.0,0.5,1.0,0.1875,t1_chk8gs0
t1_chkfbo3,0.0,0.1875,0.5,0.6875,t1_chkfbo3
t1_caue431,0.0,0.25,0.75,0.0,t1_caue431
t1_cbp7hcg,0.0,0.25,0.1875,1.5,t1_cbp7hcg
t1_cboh71d,0.0,0.6875,0.1875,0.5,t1_cboh71d
t1_cdekndg,0.0,1.25,2.1875,0.5,t1_cdekndg
t1_cdeaz71,0.0,1.6875,0.75,1.25,t1_cdeaz71
t1_cde6orn,0.0,0.5,0.1875,0.6875,t1_cde6orn
t1_cde6meq,0.0,0.6875,0.6875,1.25,t1_cde6meq
t1_cav04jm,0.0,0.6875,0.6875,0.25,t1_cav04jm
t1_caupvos,0.0,0.75,0.25,0.25,t1_caupvos
t1_caunrrz,0.0,0.0,0.6875,1.5,t1_caunrrz
t1_cauxek7,0.0,0.1875,0.75,0.6875,t1_cauxek7
t1_cauhm6v,0.0,0.1875,0.5,0.6875,t1_cauhm6v
t1_cau9nhu,0.0,0.1875,0.6875,0.75,t1_cau9nhu
t1_cauc7tb,0.0,1.6875,3.1875,2.25,t1_cauc7tb
t1_cbognd1,0.0,0.1875,1.0,0.1875,t1_cbognd1
t1_cauchlr,0.0,0.0,0.0,0.0,t1_cauchlr
t1_caueou3,0.0,1.1875,0.6875,0.25,t1_caueou3
t1_caubzza,0.0,0.0,0.0,0.75,t1_caubzza
t1_cauatj3,0.0,0.0,1.6875,1.6875,t1_cauatj3
t1_cau9452,0.0,1.5,0.6875,0.6875,t1_cau9452
t1_cau8emg,0.0,0.75,0.5,1.1875,t1_cau8emg
t1_cau88hc,0.0,0.5,1.25,0.5,t1_cau88hc
t1_cauhuox,0.0,0.1875,2.0,0.5,t1_cauhuox
t1_cg9ansq,0.0,0.0,0.1875,0.1875,t1_cg9ansq
t1_caryrmq,0.0,0.1875,1.1875,0.0,t1_caryrmq
t1_carykfz,0.0,0.6875,0.6875,0.25,t1_carykfz
t1_casyz2m,0.0,0.25,1.0,0.1875,t1_casyz2m
t1_cbogk1v,0.0,1.25,0.1875,0.6875,t1_cbogk1v
t1_cbomaor,0.0,0.25,0.75,0.75,t1_cbomaor
t1_chk8ser,0.0,0.5,0.5,0.25,t1_chk8ser
t1_chsthjv,0.0,0.1875,0.1875,0.0,t1_chsthjv
t1_chk6s8c,0.0,0.1875,0.6875,0.1875,t1_chk6s8c
t1_chk6r9i,0.0,0.6875,0.6875,1.25,t1_chk6r9i
t1_chkbwxl,0.0,1.0,0.1875,1.1875,t1_chkbwxl
t1_c9f4p0c,0.0,0.0,0.0,0.0,t1_c9f4p0c
t1_c9erwp8,0.0,0.6875,0.6875,1.1875,t1_c9erwp8
t1_c9etprq,0.0,0.6875,0.25,1.6875,t1_c9etprq
t1_cs4z5zw,0.0,1.25,0.25,0.6875,t1_cs4z5zw
t1_cd2rjoh,0.0,0.0,0.0,0.0,t1_cd2rjoh
t1_cd2oaft,0.0,0.1875,0.6875,0.6875,t1_cd2oaft
t1_chtmsji,0.0,0.1875,0.25,0.1875,t1_chtmsji
t1_chstnie,0.0,0.6875,0.1875,0.5,t1_chstnie
t1_chstlop,0.0,1.0,0.5,1.5,t1_chstlop
t1_chstdo9,0.0,0.1875,0.25,0.75,t1_chstdo9
t1_cboiu19,0.0,0.5,0.1875,0.25,t1_cboiu19
t1_c9na2tf,0.0,1.6875,1.25,0.1875,t1_c9na2tf
t1_c9mqknk,0.0,1.0,0.1875,0.25,t1_c9mqknk
t1_c9vagau,0.0,0.1875,0.0,0.0,t1_c9vagau
t1_ch7cvu3,0.0,0.1875,0.5,1.25,t1_ch7cvu3
t1_cpvw146,0.0,0.6875,0.0,0.0,t1_cpvw146
t1_cpwaiv3,0.0,0.6875,0.1875,0.1875,t1_cpwaiv3
t1_clipfjz,0.0,0.1875,1.25,0.0,t1_clipfjz
t1_cliyfh1,0.0,1.5,0.75,1.1875,t1_cliyfh1
t1_clik16y,0.0,0.6875,0.1875,1.5,t1_clik16y
t1_cboisgm,0.0,0.1875,0.6875,1.25,t1_cboisgm
t1_cboi8d2,0.0,0.25,0.25,0.5,t1_cboi8d2
t1_cbogq70,0.0,0.75,0.75,0.0,t1_cbogq70
t1_c9cwx8n,0.0,1.6875,1.25,1.6875,t1_c9cwx8n
t3_2vky2k,0.0,0.5,0.1875,0.0,t3_2vky2k
t1_ca27qym,0.0,0.6875,1.1875,0.25,t1_ca27qym
t1_coin2a8,0.0,0.6875,0.75,1.6875,t1_coin2a8
t1_cgxtaif,0.0,1.0,1.6875,3.0,t1_cgxtaif
t1_cgxlked,0.0,2.25,1.1875,0.5,t1_cgxlked
t1_cgke088,0.0,1.6875,0.5,0.25,t1_cgke088
t3_228jbo,0.0,0.6875,0.25,0.25,t3_228jbo
t1_cai8wyf,0.0,0.6875,0.6875,2.1875,t1_cai8wyf
t1_cj1taks,0.0,0.1875,0.6875,0.75,t1_cj1taks
t1_cj1ta76,0.0,0.25,0.0,0.75,t1_cj1ta76
t1_cj1plx1,0.0,1.25,1.1875,0.1875,t1_cj1plx1
t1_cj1jb17,0.0,1.0,0.1875,1.0,t1_cj1jb17
t1_cj1qf2l,0.0,1.0,0.25,0.1875,t1_cj1qf2l
t1_cj20rt3,0.0,0.5,1.25,0.6875,t1_cj20rt3
t1_cas5hhz,0.0,0.25,0.25,0.25,t1_cas5hhz
t1_cg676fl,0.0,1.5,0.25,0.1875,t1_cg676fl
t1_cg5vvtk,0.0,0.6875,0.1875,0.0,t1_cg5vvtk
t1_ch3gnvh,0.0,0.75,1.5,0.25,t1_ch3gnvh
t1_ch30sac,0.0,0.6875,0.25,1.25,t1_ch30sac
t1_ch34vso,0.0,0.5,0.0,0.0,t1_ch34vso
t1_ch32wl6,0.0,0.75,0.0,0.0,t1_ch32wl6
t1_ch33462,0.0,1.0,1.1875,2.25,t1_ch33462
t1_ch3j0r0,0.0,1.6875,1.6875,1.1875,t1_ch3j0r0
t3_242qn0,0.0,2.75,4.0,4.0,t3_242qn0
t1_chjgd0q,0.0,0.25,0.6875,1.6875,t1_chjgd0q
t1_chlsagj,0.0,0.1875,0.6875,0.1875,t1_chlsagj
t1_chjp9ke,0.0,1.25,1.1875,0.1875,t1_chjp9ke
t1_chjlkq1,0.0,0.1875,0.75,1.1875,t1_chjlkq1
t1_chjfhp9,0.0,1.0,0.5,0.5,t1_chjfhp9
t1_cky2xto,0.0,0.75,2.25,1.6875,t1_cky2xto
t1_cgxdmh3,0.0,1.1875,1.0,2.5,t1_cgxdmh3
t1_cgxqk31,0.0,0.25,0.6875,0.6875,t1_cgxqk31
t1_cgxt74l,0.0,1.5,0.6875,0.25,t1_cgxt74l
t1_csuck5d,0.0,0.5,0.75,1.6875,t1_csuck5d
t1_ca23e0m,0.0,0.1875,0.1875,0.6875,t1_ca23e0m
t1_cqzdpbc,0.0,0.6875,1.6875,0.6875,t1_cqzdpbc
t1_cqze8zq,0.0,0.6875,1.1875,0.0,t1_cqze8zq
t3_34yo0h,0.0,0.25,0.75,0.1875,t3_34yo0h
t1_csudgkr,0.0,0.1875,0.75,0.1875,t1_csudgkr
t1_csu1ujy,0.0,1.1875,0.6875,0.25,t1_csu1ujy
t1_csuddim,0.0,0.1875,0.25,0.0,t1_csuddim
t1_cstx7qd,0.0,0.0,1.5,1.25,t1_cstx7qd
t1_csudcox,0.0,0.6875,0.5,0.1875,t1_csudcox
t1_cstwvof,0.0,0.25,1.6875,0.0,t1_cstwvof
t1_cstvlvt,0.0,1.1875,2.25,1.6875,t1_cstvlvt
t1_csu57ld,0.0,0.75,0.1875,0.25,t1_csu57ld
t1_cstu94m,0.0,0.75,0.5,1.1875,t1_cstu94m
t1_cssxisl,0.0,0.25,0.0,0.0,t1_cssxisl
t1_csudikx,0.0,0.25,0.0,0.0,t1_csudikx
t1_csu57h5,0.0,1.25,2.25,0.75,t1_csu57h5
t1_cowyuji,0.0,0.5,1.25,0.6875,t1_cowyuji
t3_2x4qkh,0.0,0.6875,0.6875,0.25,t3_2x4qkh
t1_cc5kmq0,0.0,0.1875,0.6875,0.75,t1_cc5kmq0
t1_c9yd9d8,0.0,0.0,0.1875,0.0,t1_c9yd9d8
t1_c9yd1j0,0.0,0.0,0.0,0.0,t1_c9yd1j0
t1_c9ye1t1,0.0,1.1875,0.1875,0.0,t1_c9ye1t1
t1_c9ye0ac,0.0,0.25,0.75,0.0,t1_c9ye0ac
t1_c9ydv9t,0.0,1.6875,2.1875,1.5,t1_c9ydv9t
t1_c9ydsv7,0.0,1.0,1.5,0.5,t1_c9ydsv7
t1_c9ydp3b,0.0,0.5,0.1875,1.6875,t1_c9ydp3b
t1_cky2oax,0.0,0.6875,0.25,0.75,t1_cky2oax
t1_cky0hj9,0.0,0.1875,1.5,1.25,t1_cky0hj9
t1_cky0fhe,0.0,0.1875,0.1875,0.0,t1_cky0fhe
t1_cl69kyx,0.0,1.6875,1.1875,1.6875,t1_cl69kyx
t1_cscanwg,0.0,1.5,2.5,0.6875,t1_cscanwg
t1_cscg2p4,0.0,0.1875,0.75,0.5,t1_cscg2p4
t1_cscf2qw,0.0,0.5,1.25,1.6875,t1_cscf2qw
t1_cscbxg2,0.0,1.5,2.25,0.6875,t1_cscbxg2
t1_cb3h5qc,0.0,1.25,0.5,0.5,t1_cb3h5qc
t1_cb3he94,0.0,1.1875,1.1875,0.6875,t1_cb3he94
t1_cb3han6,0.0,0.5,1.1875,0.25,t1_cb3han6
t1_cl6aecx,0.0,0.0,0.25,0.5,t1_cl6aecx
t1_cl8a4kq,0.0,0.0,0.1875,0.75,t1_cl8a4kq
t1_cl89vmf,0.0,1.1875,0.25,1.6875,t1_cl89vmf
t1_cl89ogw,0.0,0.6875,0.1875,0.6875,t1_cl89ogw
t1_cl88xn5,0.0,0.6875,0.5,0.25,t1_cl88xn5
t1_ckurb23,0.0,1.25,0.6875,1.25,t1_ckurb23
t3_2nck53,0.0,1.1875,1.1875,1.25,t3_2nck53
t1_ckuqtwr,0.0,0.5,0.6875,1.5,t1_ckuqtwr
t1_ckuqi1g,0.0,0.1875,0.1875,0.25,t1_ckuqi1g
t1_ckvjrwg,0.0,1.5,1.1875,0.75,t1_ckvjrwg
t1_ckuh8hs,0.0,0.6875,0.5,1.1875,t1_ckuh8hs
t1_ckuwqi8,0.0,1.25,0.0,0.1875,t1_ckuwqi8
t3_2ho8k5,0.0,0.6875,0.1875,0.1875,t3_2ho8k5
t1_cf6jm5k,0.0,0.5,0.75,0.1875,t1_cf6jm5k
t1_cf6guot,0.0,1.6875,0.6875,0.5,t1_cf6guot
t1_cf6qwoo,0.0,0.25,1.5,0.6875,t1_cf6qwoo
t1_coj0szh,0.0,0.1875,0.75,0.1875,t1_coj0szh
t1_coixxlu,0.0,0.75,1.6875,1.25,t1_coixxlu
t1_coinuey,0.0,0.1875,0.25,0.1875,t1_coinuey
t1_cscavpa,0.0,0.6875,1.6875,0.75,t1_cscavpa
t1_cmcg1sw,0.0,1.1875,0.1875,0.6875,t1_cmcg1sw
t1_cky0d05,0.0,0.75,2.25,0.1875,t1_cky0d05
t1_cmdamo2,0.0,1.25,0.1875,0.5,t1_cmdamo2
t1_cky4g8p,0.0,1.25,1.5,0.25,t1_cky4g8p
t1_cky3f7y,0.0,0.6875,2.0,1.1875,t1_cky3f7y
t1_ckxzyeu,0.0,1.25,1.6875,0.6875,t1_ckxzyeu
t1_ckxzlnz,0.0,1.6875,0.25,0.1875,t1_ckxzlnz
t1_ckyblqs,0.0,1.25,0.5,0.5,t1_ckyblqs
t1_cky44de,0.0,0.1875,0.6875,0.6875,t1_cky44de
t1_c95qp1r,0.0,1.25,0.5,3.1875,t1_c95qp1r
t1_cmckzsq,0.0,0.5,2.1875,1.1875,t1_cmckzsq
t1_cmcfx2p,0.0,1.6875,2.0,0.25,t1_cmcfx2p
t1_cmcyo3d,0.0,1.1875,0.1875,0.1875,t1_cmcyo3d
t1_cmcfad1,0.0,2.1875,0.5,1.5,t1_cmcfad1
t1_cmdupvw,0.0,0.5,0.6875,0.6875,t1_cmdupvw
t1_cmenx3z,0.0,0.1875,0.1875,0.0,t1_cmenx3z
t1_cmcz2h1,0.0,1.25,0.1875,1.6875,t1_cmcz2h1
t1_cmcue6k,0.0,1.25,0.75,0.25,t1_cmcue6k
t1_cmcpg05,0.0,0.5,2.1875,0.5,t1_cmcpg05
t1_cmcnu78,0.0,1.0,1.0,0.1875,t1_cmcnu78
t1_cmclswv,0.0,0.25,1.25,1.1875,t1_cmclswv
t1_cmcnb1u,0.0,0.1875,0.75,0.0,t1_cmcnb1u
t1_cmculcq,0.0,0.6875,0.75,0.5,t1_cmculcq
t1_cmeg0mb,0.0,0.5,0.1875,0.25,t1_cmeg0mb
t1_cmcn89s,0.0,1.1875,1.5,0.25,t1_cmcn89s
t1_cmde47f,0.0,0.1875,0.6875,0.1875,t1_cmde47f
t1_cmddi26,0.0,0.1875,0.0,0.0,t1_cmddi26
t1_cmcgspm,0.0,0.1875,1.6875,1.6875,t1_cmcgspm
t1_cml5ds9,0.0,0.1875,1.5,0.1875,t1_cml5ds9
t1_cug21tv,0.0,0.75,0.5,0.0,t1_cug21tv
